<?xml version="1.0" standalone="yes"?>
<Spawns>
  <Points>
    <Name>DunGen</Name>
    <UniqueId>ccf1787d-a526-4296-9c91-291523a10521</UniqueId>
    <Map>Felucca</Map>
    <X>5303</X>
    <Y>3188</Y>
    <Width>0</Width>
    <Height>0</Height>
    <CentreX>5303</CentreX>
    <CentreY>3188</CentreY>
    <CentreZ>0</CentreZ>
    <Range>5</Range>
    <MaxCount>3000</MaxCount>
    <MinDelay>0</MinDelay>
    <MaxDelay>0</MaxDelay>
    <DelayInSec>True</DelayInSec>
    <Duration>0</Duration>
    <ProximityRange>-1</ProximityRange>
    <ProximityTriggerSound>0</ProximityTriggerSound>
    <TriggerProbability>1</TriggerProbability>
    <InContainer>False</InContainer>
    <ContainerX>0</ContainerX>
    <ContainerY>0</ContainerY>
    <ContainerZ>0</ContainerZ>
    <MinRefractory>0</MinRefractory>
    <MaxRefractory>0</MaxRefractory>
    <TODStart>0</TODStart>
    <TODEnd>0</TODEnd>
    <TODMode>0</TODMode>
    <ExternalTriggering>False</ExternalTriggering>
    <SequentialSpawning>0</SequentialSpawning>
    <RegionName />
    <Team>0</Team>
    <Amount>1</Amount>
    <IsGroup>False</IsGroup>
    <IsRunning>True</IsRunning>
    <IsHomeRangeRelative>True</IsHomeRangeRelative>
    <Objects2>
		